Q9BS40	2BO9
P54396	2GU3
P28325	1RN7
P28325	1ROA
P01034	1G96
P01034	1R4C
P01034	1TIJ
P01034	3GAX
P01034	3NX0
P01034	3PS8
P01034	3QRD
P01034	3S67
P01034	3SVA
P32196	1KWI
P32196	1LXE
P32196	1PFP
P32196	2MZ6
P62942	1A7X
P62942	1B6C
P62942	1BKF
P62942	1BL4
P62942	1D6O
P62942	1D7H
P62942	1D7I
P62942	1D7J
P62942	1EYM
P62942	1F40
P62942	1FAP
P62942	1FKB
P62942	1FKD
P62942	1FKF
P62942	1FKG
P62942	1FKH
P62942	1FKI
P62942	1FKJ
P62942	1FKR
P62942	1FKS
P62942	1FKT
P62942	1J4H
P62942	1J4I
P62942	1J4R
P62942	1NSG
P62942	1QPF
P62942	1QPL
P62942	2DG3
P62942	2DG4
P62942	2DG9
P62942	2FAP
P62942	2FKE
P62942	2PPN
P62942	2PPO
P62942	2PPP
P62942	2RSE
P62942	3FAP
P62942	3H9R
P62942	3MDY
P62942	4DH0
P62942	4FAP
P62942	4IPX
P62942	4N19
P62942	4ODP
P62942	4ODQ
P62942	4ODR
P18203	1FKK
P18203	1FKL
P18203	1TCO
P0A6W5	1GRJ
Q8VQD7	2ETN
Q72JT8	2F23
P07254	1CTN
P07254	1EHN
P07254	1EIB
P07254	1FFQ
P07254	1FFR
P07254	1K9T
P07254	1NH6
P07254	1RD6
P07254	1X6L
P07254	1X6N
P07254	2WK2
P07254	2WLY
P07254	2WLZ
P07254	2WM0
P30922	1OWQ
P30922	2ESC
Q9V3D4	1JND
Q9V3D4	1JNE
P03000	1TIF
P03000	1TIG
P0A707	2IFE
P38935	1MSZ
P38935	2LRR
P38935	4B3F
P38935	4B3G
Q8VDG3	1UG8
Q8VDG3	1WHV
Q8VDG3	2ROK
Q8VDG3	3D45
P52687	1P0Z
P52687	2J80
P52687	2V9A
P0AEC8	1OJG
P0AEC8	2W0N
P0AEC8	3BY8
P20226	1C9B
P20226	1CDW
P20226	1JFI
P20226	1NVP
P20226	1TGH
P13393	1NGM
P13393	1NH2
P13393	1RM1
P13393	1TBA
P13393	1TBP
P13393	1YTB
P13393	1YTF
P13393	4B0A
P13393	4V1N
P13393	4V1O
Q9UWN7	1MP9
P04395	1DIZ
P04395	1MPG
P04395	1PVS
P04395	3CVS
P04395	3CVT
P04395	3CW7
P04395	3CWA
P04395	3CWS
P04395	3CWT
P04395	3CWU
P04395	3D4V
P04395	3OGD
P04395	3OH6
P04395	3OH9
O15527	1EBM
O15527	1FN7
O15527	1HU0
O15527	1KO9
O15527	1LWV
O15527	1LWW
O15527	1LWY
O15527	1M3H
O15527	1M3Q
O15527	1N39
O15527	1N3A
O15527	1N3C
O15527	1YQK
O15527	1YQL
O15527	1YQM
O15527	1YQR
O15527	2I5W
O15527	2NOB
O15527	2NOE
O15527	2NOF
O15527	2NOH
O15527	2NOI
O15527	2NOL
O15527	2NOZ
O15527	2XHI
O15527	3IH7
O15527	3KTU
Q01532	1A6R
Q01532	1GCB
Q01532	2DZY
Q01532	2DZZ
Q01532	2E00
Q01532	2E01
Q01532	2E02
Q01532	2E03
Q01532	3GCB
Q13867	1CB5
Q13867	2CB5
P00787	1CPJ
P00787	1CTE
P00787	1MIR
P00787	1THE
P07858	1CSB
P07858	1GMY
P07858	1HUC
P07858	1PBH
P07858	2IPP
P07858	2PBH
P07858	3AI8
P07858	3CBJ
P07858	3CBK
P07858	3K9M
P07858	3PBH
P0CG48	1C3T
P0CG48	1CMX
P0CG48	1D3Z
P0CG48	1F9J
P0CG48	1FXT
P0CG48	1G6J
P0CG48	1GJZ
P0CG48	1NBF
P0CG48	1OGW
P0CG48	1Q5W
P0CG48	1S1Q
P0CG48	1SIF
P0CG48	1TBE
P0CG48	1UBI
P0CG48	1UBQ
P0CG48	1UD7
P0CG48	1XD3
P0CG48	1XQQ
P0CG48	1YX5
P0CG48	1YX6
P0CG48	1ZGU
P0CG48	1ZO6
P0CG48	2AYO
P0CG48	2BGF
P0CG48	2DEN
P0CG48	2FUH
P0CG48	2G45
P0CG48	2GBJ
P0CG48	2GBK
P0CG48	2GBM
P0CG48	2GBN
P0CG48	2GBR
P0CG48	2GMI
P0CG48	2HTH
P0CG48	2IBI
P0CG48	2J7Q
P0CG48	2JF5
P0CG48	2JRI
P0CG48	2JY6
P0CG48	2JZZ
P0CG48	2K25
P0CG48	2K6D
P0CG48	2K8B
P0CG48	2K8C
P0CG48	2KDF
P0CG48	2KHW
P0CG48	2KJH
P0CG48	2KLG
P0CG48	2KN5
P0CG48	2KX0
P0CG48	2L3Z
P0CG48	2LD9
P0CG48	2LVO
P0CG48	2LVP
P0CG48	2LVQ
P0CG48	2LZ6
P0CG48	2MBO
P0CG48	2MBQ
P0CG48	2MCN
P0CG48	2MI8
P0CG48	2MJ5
P0CG48	2MOR
P0CG48	2MRE
P0CG48	2MWS
P0CG48	2NR2
P0CG48	2O6V
P0CG48	2OJR
P0CG48	2PE9
P0CG48	2PEA
P0CG48	2RR9
P0CG48	2RU6
P0CG48	2W9N
P0CG48	2WDT
P0CG48	2XEW
P0CG48	2Y5B
P0CG48	2Z59
P0CG48	2ZCB
P0CG48	2ZVN
P0CG48	2ZVO
P0CG48	3A33
P0CG48	3ALB
P0CG48	3AUL
P0CG48	3B08
P0CG48	3B0A
P0CG48	3BY4
P0CG48	3C0R
P0CG48	3DVG
P0CG48	3DVN
P0CG48	3EEC
P0CG48	3EFU
P0CG48	3EHV
P0CG48	3H7P
P0CG48	3H7S
P0CG48	3HM3
P0CG48	3I3T
P0CG48	3IFW
P0CG48	3IHP
P0CG48	3JSV
P0CG48	3JVZ
P0CG48	3JW0
P0CG48	3K9O
P0CG48	3K9P
P0CG48	3KVF
P0CG48	3KW5
P0CG48	3LDZ
P0CG48	3MHS
P0CG48	3MTN
P0CG48	3N30
P0CG48	3N32
P0CG48	3N3K
P0CG48	3NS8
P0CG48	3O65
P0CG48	3OFI
P0CG48	3OJ3
P0CG48	3OJ4
P0CG48	3ONS
P0CG48	3PRM
P0CG48	3PT2
P0CG48	3PTF
P0CG48	3Q3F
P0CG48	3RUL
P0CG48	3TMP
P0CG48	3U30
P0CG48	3UGB
P0CG48	3V6C
P0CG48	3V6E
P0CG48	3VFK
P0CG48	3VUW
P0CG48	3VUX
P0CG48	3VUY
P0CG48	3WXE
P0CG48	3WXF
P0CG48	3ZLZ
P0CG48	3ZNH
P0CG48	3ZNI
P0CG48	3ZNZ
P0CG48	4AUQ
P0CG48	4BOS
P0CG48	4BOZ
P0CG48	4BVU
P0CG48	4DDG
P0CG48	4DDI
P0CG48	4DHJ
P0CG48	4DHZ
P0CG48	4FJV
P0CG48	4HK2
P0CG48	4HXD
P0CG48	4I6L
P0CG48	4I6N
P0CG48	4IG7
P0CG48	4IUM
P0CG48	4JQW
P0CG48	4K1R
P0CG48	4K7S
P0CG48	4K7U
P0CG48	4K7W
P0CG48	4KSK
P0CG48	4KSL
P0CG48	4LCD
P0CG48	4LDT
P0CG48	4MDK
P0CG48	4MM3
P0CG48	4MSM
P0CG48	4MSQ
P0CG48	4NQK
P0CG48	4UN2
P0CG48	4V3K
P0CG48	4V3L
P0CG48	4WZP
P43593	1VJV
P40818	1WHB
P40818	2A9U
P40818	2GFO
P40818	2GWF
P40818	3N3K
P54578	2AYN
P54578	2AYO
O75604	2HD5
O75604	2IBI
O75604	3NHE
O75604	3V6C
O75604	3V6E
P00698	132L
P00698	193L
P00698	194L
P00698	1A2Y
P00698	1AKI
P00698	1AT5
P00698	1AT6
P00698	1AZF
P00698	1B0D
P00698	1B2K
P00698	1BGI
P00698	1BHZ
P00698	1BVK
P00698	1BVX
P00698	1BWH
P00698	1BWI
P00698	1BWJ
P00698	1C08
P00698	1C10
P00698	1DPW
P00698	1DPX
P00698	1DQJ
P00698	1E8L
P00698	1F0W
P00698	1F10
P00698	1F3J
P00698	1FDL
P00698	1FLQ
P00698	1FLU
P00698	1FLW
P00698	1FLY
P00698	1FN5
P00698	1G7H
P00698	1G7I
P00698	1G7J
P00698	1G7L
P00698	1G7M
P00698	1GPQ
P00698	1GWD
P00698	1GXV
P00698	1GXX
P00698	1H6M
P00698	1H87
P00698	1HC0
P00698	1HEL
P00698	1HEM
P00698	1HEN
P00698	1HEO
P00698	1HEP
P00698	1HEQ
P00698	1HER
P00698	1HEW
P00698	1HF4
P00698	1HSW
P00698	1HSX
P00698	1IC4
P00698	1IC5
P00698	1IC7
P00698	1IEE
P00698	1IO5
P00698	1IOQ
P00698	1IOR
P00698	1IOS
P00698	1IOT
P00698	1IR7
P00698	1IR8
P00698	1IR9
P00698	1J1O
P00698	1J1P
P00698	1J1X
P00698	1JA2
P00698	1JA4
P00698	1JA6
P00698	1JA7
P00698	1JIS
P00698	1JIT
P00698	1JIY
P00698	1JJ0
P00698	1JJ1
P00698	1JJ3
P00698	1JPO
P00698	1JTO
P00698	1JTT
P00698	1KIP
P00698	1KIQ
P00698	1KIR
P00698	1KXW
P00698	1KXX
P00698	1KXY
P00698	1LCN
P00698	1LJ3
P00698	1LJ4
P00698	1LJE
P00698	1LJF
P00698	1LJG
P00698	1LJH
P00698	1LJI
P00698	1LJJ
P00698	1LJK
P00698	1LKR
P00698	1LKS
P00698	1LMA
P00698	1LPI
P00698	1LSA
P00698	1LSB
P00698	1LSC
P00698	1LSD
P00698	1LSE
P00698	1LSF
P00698	1LSG
P00698	1LSM
P00698	1LSN
P00698	1LSY
P00698	1LSZ
P00698	1LYO
P00698	1LYS
P00698	1LYZ
P00698	1LZ8
P00698	1LZ9
P00698	1LZA
P00698	1LZB
P00698	1LZC
P00698	1LZD
P00698	1LZE
P00698	1LZG
P00698	1LZH
P00698	1LZN
P00698	1LZT
P00698	1MEL
P00698	1MLC
P00698	1N4F
P00698	1NBY
P00698	1NBZ
P00698	1NDG
P00698	1NDM
P00698	1P2C
P00698	1PS5
P00698	1QIO
P00698	1QTK
P00698	1RCM
P00698	1RFP
P00698	1RI8
P00698	1RJC
P00698	1SF4
P00698	1SF6
P00698	1SF7
P00698	1SFB
P00698	1SFG
P00698	1SQ2
P00698	1T3P
P00698	1T6V
P00698	1UA6
P00698	1UC0
P00698	1UCO
P00698	1UIA
P00698	1UIB
P00698	1UIC
P00698	1UID
P00698	1UIE
P00698	1UIF
P00698	1UIG
P00698	1UIH
P00698	1UUZ
P00698	1V7S
P00698	1V7T
P00698	1VAT
P00698	1VAU
P00698	1VDP
P00698	1VDQ
P00698	1VDS
P00698	1VDT
P00698	1VED
P00698	1VFB
P00698	1W6Z
P00698	1WTM
P00698	1WTN
P00698	1XEI
P00698	1XEJ
P00698	1XEK
P00698	1XFP
P00698	1XGP
P00698	1XGQ
P00698	1XGR
P00698	1XGT
P00698	1XGU
P00698	1YIK
P00698	1YIL
P00698	1YKX
P00698	1YKY
P00698	1YKZ
P00698	1YL0
P00698	1YL1
P00698	1YQV
P00698	1Z55
P00698	1ZMY
P00698	1ZV5
P00698	1ZVH
P00698	1ZVY
P00698	2A6U
P00698	2A7D
P00698	2A7F
P00698	2AUB
P00698	2B5Z
P00698	2BLX
P00698	2BLY
P00698	2BPU
P00698	2C8O
P00698	2C8P
P00698	2CDS
P00698	2CGI
P00698	2D4I
P00698	2D4J
P00698	2D4K
P00698	2D6B
P00698	2D91
P00698	2DQC
P00698	2DQD
P00698	2DQE
P00698	2DQF
P00698	2DQG
P00698	2DQH
P00698	2DQI
P00698	2DQJ
P00698	2EIZ
P00698	2EKS
P00698	2EPE
P00698	2F2N
P00698	2F30
P00698	2F4A
P00698	2F4G
P00698	2FBB
P00698	2G4P
P00698	2G4Q
P00698	2H9J
P00698	2H9K
P00698	2HFM
P00698	2HS7
P00698	2HS9
P00698	2HSO
P00698	2HTX
P00698	2HU1
P00698	2HU3
P00698	2HUB
P00698	2I25
P00698	2I26
P00698	2I6Z
P00698	2IFF
P00698	2LYM
P00698	2LYO
P00698	2LYZ
P00698	2LZH
P00698	2LZT
P00698	2PC2
P00698	2Q0M
P00698	2VB1
P00698	2W1L
P00698	2W1M
P00698	2W1X
P00698	2W1Y
P00698	2WAR
P00698	2X0A
P00698	2XBR
P00698	2XBS
P00698	2XJW
P00698	2XTH
P00698	2YBH
P00698	2YBI
P00698	2YBJ
P00698	2YBL
P00698	2YBM
P00698	2YBN
P00698	2YDG
P00698	2YSS
P00698	2YVB
P00698	2Z12
P00698	2Z18
P00698	2Z19
P00698	2ZNW
P00698	2ZNX
P00698	2ZQ3
P00698	2ZQ4
P00698	2ZYP
P00698	3A34
P00698	3A3Q
P00698	3A3R
P00698	3A67
P00698	3A6B
P00698	3A6C
P00698	3A8Z
P00698	3A90
P00698	3A91
P00698	3A92
P00698	3A93
P00698	3A94
P00698	3A95
P00698	3A96
P00698	3AGG
P00698	3AGH
P00698	3AGI
P00698	3AJN
P00698	3ATN
P00698	3ATO
P00698	3AW6
P00698	3AW7
P00698	3AZ4
P00698	3AZ5
P00698	3AZ6
P00698	3AZ7
P00698	3B6L
P00698	3B72
P00698	3D9A
P00698	3E3D
P00698	3EMS
P00698	3EXD
P00698	3F6Z
P00698	3G3A
P00698	3G3B
P00698	3HFM
P00698	3IJU
P00698	3IJV
P00698	3J4G
P00698	3J6K
P00698	3KAM
P00698	3LYM
P00698	3LYO
P00698	3LYT
P00698	3LYZ
P00698	3LZT
P00698	3M18
P00698	3M3U
P00698	3MBE
P00698	3N9A
P00698	3N9C
P00698	3N9E
P00698	3OJP
P00698	3OK0
P00698	3OTP
P00698	3P4Z
P00698	3P64
P00698	3P65
P00698	3P66
P00698	3P68
P00698	3QE8
P00698	3QNG
P00698	3QY4
P00698	3RNX
P00698	3RT5
P00698	3RU5
P00698	3RW8
P00698	3RZ4
P00698	3SP3
P00698	3T6U
P00698	3TMU
P00698	3TMV
P00698	3TMW
P00698	3TMX
P00698	3TXB
P00698	3TXD
P00698	3TXE
P00698	3TXF
P00698	3TXG
P00698	3TXH
P00698	3TXI
P00698	3TXJ
P00698	3TXK
P00698	3ULR
P00698	3VFX
P00698	3W6A
P00698	3WL2
P00698	3WMK
P00698	3WPJ
P00698	3WPK
P00698	3WPL
P00698	3WU7
P00698	3WU8
P00698	3WU9
P00698	3WUA
P00698	3WUL
P00698	3WUM
P00698	3WUN
P00698	3WXT
P00698	3WXU
P00698	3ZEK
P00698	3ZVQ
P00698	4A7D
P00698	4A8A
P00698	4A8B
P00698	4AGA
P00698	4AXT
P00698	4B0D
P00698	4B1A
P00698	4B49
P00698	4B4E
P00698	4B4I
P00698	4B4J
P00698	4BAD
P00698	4BAF
P00698	4BAP
P00698	4BS7
P00698	4C3W
P00698	4CJ2
P00698	4D9Z
P00698	4DC4
P00698	4DD0
P00698	4DD1
P00698	4DD2
P00698	4DD3
P00698	4DD4
P00698	4DD6
P00698	4DD7
P00698	4DD9
P00698	4DDA
P00698	4DDB
P00698	4DDC
P00698	4DT3
P00698	4E3U
P00698	4EOF
P00698	4ET8
P00698	4ET9
P00698	4ETA
P00698	4ETB
P00698	4ETC
P00698	4ETD
P00698	4ETE
P00698	4FJR
P00698	4G49
P00698	4G4A
P00698	4G4B
P00698	4G4C
P00698	4G4H
P00698	4GCB
P00698	4GCC
P00698	4GCD
P00698	4GCE
P00698	4GCF
P00698	4GLA
P00698	4GLV
P00698	4GN3
P00698	4GN4
P00698	4GN5
P00698	4H1P
P00698	4H8X
P00698	4H8Y
P00698	4H8Z
P00698	4H90
P00698	4H91
P00698	4H92
P00698	4H93
P00698	4H94
P00698	4H9A
P00698	4H9B
P00698	4H9C
P00698	4H9E
P00698	4H9F
P00698	4H9H
P00698	4H9I
P00698	4HP0
P00698	4HPI
P00698	4HSF
P00698	4HTK
P00698	4HTN
P00698	4HTQ
P00698	4HV1
P00698	4HV2
P00698	4I8S
P00698	4IAS
P00698	4IAT
P00698	4II8
P00698	4J1A
P00698	4J1B
P00698	4J7V
P00698	4KXI
P00698	4LFP
P00698	4LFX
P00698	4LGK
P00698	4LT0
P00698	4LT1
P00698	4LT2
P00698	4LT3
P00698	4LYB
P00698	4LYC
P00698	4LYM
P00698	4LYO
P00698	4LYT
P00698	4LYZ
P00698	4LZT
P00698	4M4O
P00698	4M6D
P00698	4MR1
P00698	4MWK
P00698	4MWM
P00698	4MWN
P00698	4N0J
P00698	4N1C
P00698	4N1E
P00698	4N5R
P00698	4N8Z
P00698	4NEB
P00698	4NFV
P00698	4NG1
P00698	4NG8
P00698	4NGI
P00698	4NGJ
P00698	4NGK
P00698	4NGL
P00698	4NGO
P00698	4NGV
P00698	4NGW
P00698	4NGY
P00698	4NGZ
P00698	4NHI
P00698	4NHP
P00698	4NHQ
P00698	4NHS
P00698	4NHT
P00698	4NIJ
P00698	4NSG
P00698	4NSH
P00698	4NSI
P00698	4NSJ
P00698	4NWE
P00698	4NWH
P00698	4NY5
P00698	4O34
P00698	4OOO
P00698	4OOT
P00698	4OW9
P00698	4OWA
P00698	4OWB
P00698	4OWC
P00698	4OWE
P00698	4OWH
P00698	4OXE
P00698	4P2E
P00698	4PGJ
P00698	4PHI
P00698	4PPO
P00698	4PRQ
P00698	4PRU
P00698	4QEQ
P00698	4QGZ
P00698	4QY9
P00698	4R6C
P00698	4RDS
P00698	4RLM
P00698	4RLN
P00698	4RW1
P00698	4RW2
P00698	4TUN
P00698	4TWS
P00698	4U3X
P00698	4UWN
P00698	4UWU
P00698	4UWV
P00698	4W94
P00698	4W96
P00698	4WG1
P00698	4WG7
P00698	4WL6
P00698	4WL7
P00698	4WLD
P00698	4WLT
P00698	4WLX
P00698	4WLY
P00698	4WM1
P00698	4WM2
P00698	4WM3
P00698	4WM4
P00698	4WM5
P00698	4WM6
P00698	4WMG
P00698	4WO6
P00698	4WO9
P00698	4WOA
P00698	4XAD
P00698	4XAN
P00698	4XEN
P00698	4XJB
P00698	4XJD
P00698	4XJF
P00698	4XJG
P00698	4XJH
P00698	4XJI
P00698	4YEM
P00698	4YEN
P00698	4YEO
P00698	4Z46
P00698	4ZEE
P00698	5LYM
P00698	5LYT
P00698	5LYZ
P00698	6LYT
P00698	6LYZ
P00698	7LYZ
P00698	8LYZ
P00698	9LYZ
P00703	135L
P00703	1DZB
P00703	1JEF
P00703	1JSE
P00703	1JTP
P00703	1LJN
P00703	1LZ2
P00703	1LZY
P00703	1TEW
P00703	1UAC
P00703	1XFT
P00703	2LZ2
P00703	3LZ2
P00704	1FBI
P00704	1HHL
P00702	1GHL
P00702	1JHL
P00700	1BQL
P00700	1DKJ
P00700	1DKK
P00701	2IHL
P61626	133L
P61626	134L
P61626	1B5U
P61626	1B5V
P61626	1B5W
P61626	1B5X
P61626	1B5Y
P61626	1B5Z
P61626	1B7L
P61626	1B7M
P61626	1B7N
P61626	1B7O
P61626	1B7P
P61626	1B7Q
P61626	1B7R
P61626	1B7S
P61626	1BB3
P61626	1BB4
P61626	1BB5
P61626	1C43
P61626	1C45
P61626	1C46
P61626	1C7P
P61626	1CJ6
P61626	1CJ7
P61626	1CJ8
P61626	1CJ9
P61626	1CKC
P61626	1CKD
P61626	1CKF
P61626	1CKG
P61626	1CKH
P61626	1D6P
P61626	1D6Q
P61626	1DI3
P61626	1DI4
P61626	1DI5
P61626	1EQ4
P61626	1EQ5
P61626	1EQE
P61626	1GAY
P61626	1GAZ
P61626	1GB0
P61626	1GB2
P61626	1GB3
P61626	1GB5
P61626	1GB6
P61626	1GB7
P61626	1GB8
P61626	1GB9
P61626	1GBO
P61626	1GBW
P61626	1GBX
P61626	1GBY
P61626	1GBZ
P61626	1GDW
P61626	1GDX
P61626	1GE0
P61626	1GE1
P61626	1GE2
P61626	1GE3
P61626	1GE4
P61626	1GEV
P61626	1GEZ
P61626	1GF0
P61626	1GF3
P61626	1GF4
P61626	1GF5
P61626	1GF6
P61626	1GF7
P61626	1GF8
P61626	1GF9
P61626	1GFA
P61626	1GFE
P61626	1GFG
P61626	1GFH
P61626	1GFJ
P61626	1GFK
P61626	1GFR
P61626	1GFT
P61626	1GFU
P61626	1GFV
P61626	1HNL
P61626	1I1Z
P61626	1I20
P61626	1I22
P61626	1INU
P61626	1IOC
P61626	1IP1
P61626	1IP2
P61626	1IP3
P61626	1IP4
P61626	1IP5
P61626	1IP6
P61626	1IP7
P61626	1IWT
P61626	1IWU
P61626	1IWV
P61626	1IWW
P61626	1IWX
P61626	1IWY
P61626	1IWZ
P61626	1IX0
P61626	1IY3
P61626	1IY4
P61626	1JKA
P61626	1JKB
P61626	1JKC
P61626	1JKD
P61626	1JSF
P61626	1JWR
P61626	1LAA
P61626	1LHH
P61626	1LHI
P61626	1LHJ
P61626	1LHK
P61626	1LHL
P61626	1LHM
P61626	1LMT
P61626	1LOZ
P61626	1LYY
P61626	1LZ1
P61626	1LZ4
P61626	1LZ5
P61626	1LZ6
P61626	1LZR
P61626	1LZS
P61626	1OP9
P61626	1OUA
P61626	1OUB
P61626	1OUC
P61626	1OUD
P61626	1OUE
P61626	1OUF
P61626	1OUG
P61626	1OUH
P61626	1OUI
P61626	1OUJ
P61626	1QSW
P61626	1RE2
P61626	1REM
P61626	1REX
P61626	1REY
P61626	1REZ
P61626	1TAY
P61626	1TBY
P61626	1TCY
P61626	1TDY
P61626	1UBZ
P61626	1W08
P61626	1WQM
P61626	1WQN
P61626	1WQO
P61626	1WQP
P61626	1WQQ
P61626	1WQR
P61626	1YAM
P61626	1YAN
P61626	1YAO
P61626	1YAP
P61626	1YAQ
P61626	207L
P61626	208L
P61626	2BQA
P61626	2BQB
P61626	2BQC
P61626	2BQD
P61626	2BQE
P61626	2BQF
P61626	2BQG
P61626	2BQH
P61626	2BQI
P61626	2BQJ
P61626	2BQK
P61626	2BQL
P61626	2BQM
P61626	2BQN
P61626	2BQO
P61626	2HEA
P61626	2HEB
P61626	2HEC
P61626	2HED
P61626	2HEE
P61626	2HEF
P61626	2LHM
P61626	2MEA
P61626	2MEB
P61626	2MEC
P61626	2MED
P61626	2MEE
P61626	2MEF
P61626	2MEG
P61626	2MEH
P61626	2MEI
P61626	2NWD
P61626	2ZIJ
P61626	2ZIK
P61626	2ZIL
P61626	2ZWB
P61626	3EBA
P61626	3FE0
P61626	3LHM
P61626	3LN2
P61626	4I0C
P61626	4ML7
P61626	4R0P
P11376	2EQL
P81708	1EL1
P81708	1I56
P81708	1QQY
P81708	2CWI
P81708	2Z2E
P08905	1IVM
P37156	1JUG
P11941	1BB6
P11941	1BB7
P11941	1LMC
P11941	1LMN
P11941	1LMO
P11941	1LMP
P11941	1LMQ
P12065	1ALC
P00709	1A4V
P00709	1B9O
P00709	1CB3
P00709	1HML
P00709	3B0I
P00709	3B0O
P00709	4L41
P00713	1HFX
P00712	1FKQ
P00712	1FKV
P00712	1HFY
P00712	1HMK
P00712	3B0K
P00711	1F6R
P00711	1F6S
P00711	1HFZ
P00711	2G4N
P08037	1FGX
P08037	1FR8
P08037	1NF5
P08037	1NHE
P08037	1NKH
P08037	1NMM
P08037	1NQI
P08037	1NWG
P08037	1O0R
P08037	1O23
P08037	1OQM
P08037	1PZT
P08037	1PZY
P08037	1TVY
P08037	1TW1
P08037	1TW5
P08037	1YRO
P08037	2FYC
P08037	2FYD
P08037	4KRV
P03706	1AM7
P03706	1D9U
P03706	3D3D
P00720	102L
P00720	103L
P00720	104L
P00720	107L
P00720	108L
P00720	109L
P00720	110L
P00720	111L
P00720	112L
P00720	113L
P00720	114L
P00720	115L
P00720	118L
P00720	119L
P00720	120L
P00720	122L
P00720	123L
P00720	125L
P00720	126L
P00720	127L
P00720	128L
P00720	129L
P00720	130L
P00720	131L
P00720	137L
P00720	138L
P00720	139L
P00720	140L
P00720	141L
P00720	142L
P00720	143L
P00720	144L
P00720	145L
P00720	146L
P00720	147L
P00720	148L
P00720	149L
P00720	150L
P00720	151L
P00720	152L
P00720	155L
P00720	156L
P00720	157L
P00720	158L
P00720	159L
P00720	160L
P00720	161L
P00720	162L
P00720	163L
P00720	164L
P00720	165L
P00720	166L
P00720	167L
P00720	168L
P00720	169L
P00720	170L
P00720	171L
P00720	172L
P00720	173L
P00720	174L
P00720	175L
P00720	176L
P00720	177L
P00720	178L
P00720	180L
P00720	181L
P00720	182L
P00720	183L
P00720	184L
P00720	185L
P00720	186L
P00720	187L
P00720	188L
P00720	189L
P00720	190L
P00720	191L
P00720	192L
P00720	195L
P00720	196L
P00720	197L
P00720	198L
P00720	199L
P00720	1B6I
P00720	1C60
P00720	1C61
P00720	1C62
P00720	1C63
P00720	1C64
P00720	1C65
P00720	1C66
P00720	1C67
P00720	1C68
P00720	1C69
P00720	1C6A
P00720	1C6B
P00720	1C6C
P00720	1C6D
P00720	1C6E
P00720	1C6F
P00720	1C6G
P00720	1C6H
P00720	1C6I
P00720	1C6J
P00720	1C6K
P00720	1C6L
P00720	1C6M
P00720	1C6N
P00720	1C6P
P00720	1C6Q
P00720	1C6T
P00720	1CTW
P00720	1CU0
P00720	1CU2
P00720	1CU3
P00720	1CU5
P00720	1CU6
P00720	1CUP
P00720	1CUQ
P00720	1CV0
P00720	1CV1
P00720	1CV3
P00720	1CV4
P00720	1CV5
P00720	1CV6
P00720	1CVK
P00720	1CX6
P00720	1CX7
P00720	1D2W
P00720	1D2Y
P00720	1D3F
P00720	1D3J
P00720	1D3M
P00720	1D3N
P00720	1D9W
P00720	1DYA
P00720	1DYB
P00720	1DYC
P00720	1DYD
P00720	1DYE
P00720	1DYF
P00720	1DYG
P00720	1EPY
P00720	1G06
P00720	1G07
P00720	1G0G
P00720	1G0J
P00720	1G0K
P00720	1G0L
P00720	1G0M
P00720	1G0P
P00720	1G0Q
P00720	1G1V
P00720	1G1W
P00720	1I6S
P00720	1JQU
P00720	1JTM
P00720	1JTN
P00720	1KNI
P00720	1KS3
P00720	1KW5
P00720	1KW7
P00720	1KY0
P00720	1KY1
P00720	1L00
P00720	1L01
P00720	1L02
P00720	1L03
P00720	1L04
P00720	1L05
P00720	1L06
P00720	1L07
P00720	1L08
P00720	1L09
P00720	1L0J
P00720	1L0K
P00720	1L10
P00720	1L11
P00720	1L12
P00720	1L13
P00720	1L14
P00720	1L15
P00720	1L16
P00720	1L17
P00720	1L18
P00720	1L19
P00720	1L20
P00720	1L21
P00720	1L22
P00720	1L23
P00720	1L24
P00720	1L25
P00720	1L26
P00720	1L27
P00720	1L28
P00720	1L29
P00720	1L30
P00720	1L31
P00720	1L32
P00720	1L33
P00720	1L34
P00720	1L35
P00720	1L36
P00720	1L37
P00720	1L38
P00720	1L39
P00720	1L40
P00720	1L41
P00720	1L42
P00720	1L43
P00720	1L44
P00720	1L45
P00720	1L46
P00720	1L47
P00720	1L48
P00720	1L49
P00720	1L50
P00720	1L51
P00720	1L52
P00720	1L53
P00720	1L54
P00720	1L55
P00720	1L56
P00720	1L57
P00720	1L58
P00720	1L59
P00720	1L60
P00720	1L61
P00720	1L62
P00720	1L63
P00720	1L64
P00720	1L65
P00720	1L66
P00720	1L67
P00720	1L68
P00720	1L69
P00720	1L70
P00720	1L71
P00720	1L72
P00720	1L73
P00720	1L74
P00720	1L75
P00720	1L76
P00720	1L77
P00720	1L79
P00720	1L80
P00720	1L81
P00720	1L82
P00720	1L83
P00720	1L84
P00720	1L85
P00720	1L86
P00720	1L87
P00720	1L88
P00720	1L89
P00720	1L90
P00720	1L91
P00720	1L92
P00720	1L93
P00720	1L94
P00720	1L95
P00720	1L96
P00720	1L97
P00720	1L98
P00720	1L99
P00720	1LGU
P00720	1LGW
P00720	1LGX
P00720	1LI2
P00720	1LI3
P00720	1LI6
P00720	1LLH
P00720	1LPY
P00720	1LW9
P00720	1LWG
P00720	1LWK
P00720	1LYD
P00720	1LYE
P00720	1LYF
P00720	1LYG
P00720	1LYH
P00720	1LYI
P00720	1LYJ
P00720	1NHB
P00720	1OV5
P00720	1OV7
P00720	1OVH
P00720	1OVJ
P00720	1OVK
P00720	1OWY
P00720	1OWZ
P00720	1OYU
P00720	1P2L
P00720	1P2R
P00720	1P36
P00720	1P37
P00720	1P3N
P00720	1P46
P00720	1P56
P00720	1P5C
P00720	1P64
P00720	1P6Y
P00720	1P7S
P00720	1PQD
P00720	1PQI
P00720	1PQJ
P00720	1PQK
P00720	1PQM
P00720	1PQO
P00720	1QS5
P00720	1QS9
P00720	1QSB
P00720	1QSQ
P00720	1QT3
P00720	1QT4
P00720	1QT5
P00720	1QT6
P00720	1QT7
P00720	1QT8
P00720	1QTB
P00720	1QTC
P00720	1QTD
P00720	1QTH
P00720	1QTV
P00720	1QTZ
P00720	1QUD
P00720	1QUG
P00720	1QUH
P00720	1QUO
P00720	1SSW
P00720	1SSY
P00720	1SWY
P00720	1SWZ
P00720	1SX2
P00720	1SX7
P00720	1T6H
P00720	1T8A
P00720	1T8F
P00720	1T8G
P00720	1T97
P00720	1TLA
P00720	1XEP
P00720	1ZUR
P00720	1ZWN
P00720	1ZYT
P00720	200L
P00720	201L
P00720	205L
P00720	206L
P00720	209L
P00720	210L
P00720	211L
P00720	212L
P00720	213L
P00720	214L
P00720	215L
P00720	216L
P00720	217L
P00720	218L
P00720	219L
P00720	220L
P00720	221L
P00720	222L
P00720	223L
P00720	224L
P00720	225L
P00720	226L
P00720	227L
P00720	228L
P00720	229L
P00720	230L
P00720	231L
P00720	232L
P00720	233L
P00720	234L
P00720	235L
P00720	236L
P00720	237L
P00720	238L
P00720	239L
P00720	240L
P00720	241L
P00720	242L
P00720	243L
P00720	244L
P00720	245L
P00720	246L
P00720	247L
P00720	248L
P00720	249L
P00720	250L
P00720	251L
P00720	252L
P00720	253L
P00720	254L
P00720	255L
P00720	256L
P00720	257L
P00720	258L
P00720	259L
P00720	260L
P00720	261L
P00720	262L
P00720	2A4T
P00720	2B6T
P00720	2B6W
P00720	2B6X
P00720	2B6Y
P00720	2B6Z
P00720	2B70
P00720	2B72
P00720	2B73
P00720	2B74
P00720	2B75
P00720	2B7X
P00720	2CUU
P00720	2F2Q
P00720	2F32
P00720	2F47
P00720	2HUK
P00720	2HUL
P00720	2HUM
P00720	2IGC
P00720	2L78
P00720	2LC9
P00720	2LCB
P00720	2LZM
P00720	2NTG
P00720	2NTH
P00720	2O4W
P00720	2O79
P00720	2O7A
P00720	2OE4
P00720	2OE7
P00720	2OE9
P00720	2OEA
P00720	2OTY
P00720	2OTZ
P00720	2OU0
P00720	2OU8
P00720	2OU9
P00720	2Q9D
P00720	2Q9E
P00720	2QAR
P00720	2QB0
P00720	2RAY
P00720	2RAZ
P00720	2RB0
P00720	2RB1
P00720	2RB2
P00720	2RBN
P00720	2RBO
P00720	2RBP
P00720	2RBQ
P00720	2RBR
P00720	2RBS
P00720	2RH1
P00720	3C7W
P00720	3C7Y
P00720	3C7Z
P00720	3C80
P00720	3C81
P00720	3C82
P00720	3C83
P00720	3C8Q
P00720	3C8R
P00720	3C8S
P00720	3CDO
P00720	3CDQ
P00720	3CDR
P00720	3CDT
P00720	3CDV
P00720	3D4S
P00720	3DKE
P00720	3DMV
P00720	3DMX
P00720	3DMZ
P00720	3DN0
P00720	3DN1
P00720	3DN2
P00720	3DN3
P00720	3DN4
P00720	3DN6
P00720	3DN8
P00720	3DNA
P00720	3EML
P00720	3F8V
P00720	3F9L
P00720	3FA0
P00720	3FAD
P00720	3FI5
P00720	3G3V
P00720	3G3W
P00720	3G3X
P00720	3GUI
P00720	3GUJ
P00720	3GUK
P00720	3GUL
P00720	3GUM
P00720	3GUN
P00720	3GUO
P00720	3GUP
P00720	3HH3
P00720	3HH4
P00720	3HH5
P00720	3HH6
P00720	3HT6
P00720	3HT7
P00720	3HT8
P00720	3HT9
P00720	3HTB
P00720	3HTD
P00720	3HTF
P00720	3HTG
P00720	3HU8
P00720	3HU9
P00720	3HUA
P00720	3HUK
P00720	3HUQ
P00720	3HWL
P00720	3JR6
P00720	3K2R
P00720	3L2X
P00720	3L64
P00720	3LZM
P00720	3NY8
P00720	3NY9
P00720	3NYA
P00720	3ODU
P00720	3OE0
P00720	3OE6
P00720	3OE8
P00720	3OE9
P00720	3P0G
P00720	3PBL
P00720	3PDS
P00720	3QAK
P00720	3RUN
P00720	3RZE
P00720	3SB5
P00720	3SB6
P00720	3SB7
P00720	3SB8
P00720	3SB9
P00720	3SBA
P00720	3SBB
P00720	3SN6
P00720	3UON
P00720	3V2W
P00720	3V2Y
P00720	3VW7
P00720	4ARJ
P00720	4DAJ
P00720	4DJH
P00720	4DKL
P00720	4E97
P00720	4EJ4
P00720	4EKP
P00720	4EKQ
P00720	4EKR
P00720	4EKS
P00720	4EPI
P00720	4EXM
P00720	4GBR
P00720	4GRV
P00720	4HTT
P00720	4I7J
P00720	4I7K
P00720	4I7L
P00720	4I7M
P00720	4I7N
P00720	4I7O
P00720	4I7P
P00720	4I7Q
P00720	4I7R
P00720	4I7S
P00720	4I7T
P00720	4IAP
P00720	4K5Y
P00720	4LDE
P00720	4LDL
P00720	4LDO
P00720	4LZM
P00720	4N9N
P00720	4PHU
P00720	4RWS
P00720	4S0W
P00720	4TN3
P00720	4U14
P00720	4W51
P00720	4W52
P00720	4W53
P00720	4W54
P00720	4W55
P00720	4W56
P00720	4W57
P00720	4W58
P00720	4W59
P00720	4W8F
P00720	5LZM
P00720	6LZM
P00720	7LZM
P16009	1K28
P16009	1PDL
P16009	1WTH
P16009	2Z6B
P16009	3A1M
P16009	4JIV
P16009	4JIW
P16009	4JJ2
P16009	4KU0
P16009	4OSD
Q37875	1XJT
Q37875	1XJU
P00718	153L
P00718	154L
P00717	1GBS
P00717	1LSP
P0AGC3	1QSA
P0AGC3	1QTE
P0AGC3	1SLY
Q53752	1PY3
Q53752	1PYL
Q53752	3D4A
Q53752	3D5G
Q53752	3D5I
Q53752	3DGY
Q53752	3DH2
P05798	1AY7
P05798	1BOX
P05798	1C54
P05798	1GMP
P05798	1GMQ
P05798	1GMR
P05798	1I70
P05798	1I8V
P05798	1LNI
P05798	1RGE
P05798	1RGF
P05798	1RGG
P05798	1RGH
P05798	1RSN
P05798	1SAR
P05798	1T2H
P05798	1T2I
P05798	1UCI
P05798	1UCJ
P05798	1UCK
P05798	1UCL
P05798	1YNV
P05798	1ZGX
P05798	2SAR
P05798	3A5E
P05798	4GHO
P05798	4J5G
P05798	4J5K
P00649	1BUJ
P00649	1GOU
P00649	1GOV
P00649	1GOY
P00649	2RBI
P00649	4HAA
P00651	1B2M
P00651	1BIR
P00651	1BU4
P00651	1BVI
P00651	1CH0
P00651	1DET
P00651	1FYS
P00651	1FZU
P00651	1G02
P00651	1GSP
P00651	1HYF
P00651	1HZ1
P00651	1I0V
P00651	1I0X
P00651	1I2E
P00651	1I2F
P00651	1I2G
P00651	1I3F
P00651	1I3I
P00651	1IYY
P00651	1LOV
P00651	1LOW
P00651	1LOY
P00651	1LRA
P00651	1Q9E
P00651	1RGA
P00651	1RGC
P00651	1RGK
P00651	1RGL
P00651	1RHL
P00651	1RLS
P00651	1RN1
P00651	1RN4
P00651	1RNT
P00651	1TRP
P00651	1TRQ
P00651	1TTO
P00651	1YGW
P00651	2AAD
P00651	2AAE
P00651	2BIR
P00651	2BU4
P00651	2GSP
P00651	2HOH
P00651	2RNT
P00651	3BIR
P00651	3BU4
P00651	3GSP
P00651	3HOH
P00651	3RNT
P00651	3SYU
P00651	3URP
P00651	4BIR
P00651	4BU4
P00651	4GSP
P00651	4HOH
P00651	4ODK
P00651	4RNT
P00651	5BIR
P00651	5BU4
P00651	5GSP
P00651	5HOH
P00651	5RNT
P00651	6GSP
P00651	6RNT
P00651	7GSP
P00651	7RNT
P00651	8RNT
P00651	9RNT
P10282	1FUS
P10282	1FUT
P10282	1RCK
P10282	1RCL
P00655	1DE3
P00655	1R4Y
P67876	1AQZ
P67876	1JBR
P67876	1JBS
P67876	1JBT
P00654	1RTU
P00654	3AGN
P00654	3AGO
P00654	3AHS
P00654	3AHW
P84022	1MHD
P84022	1MJS
P84022	1MK2
P84022	1OZJ
P84022	1U7F
P84022	2LAJ
P84022	2LB2
Q15796	1DEV
Q15796	1KHX
Q15796	1U7V
Q15796	2LB3
Q15797	1KHU
Q15797	2LAW
Q15797	2LAX
Q15797	2LAY
Q15797	2LAZ
Q15797	2LB0
Q15797	2LB1
Q15797	3Q47
Q15797	3Q4A
Q96T60	2BRF
Q96T60	2W3O
Q9JLV6	1UJX
Q9JLV6	1YJ5
Q9JLV6	1YJM
Q9JLV6	3U7E
Q9JLV6	3U7F
Q9JLV6	3U7G
Q9JLV6	3U7H
Q9JLV6	3ZVL
Q9JLV6	3ZVM
Q9JLV6	3ZVN
O43896	2G1L
P0A6Z1	1U00
P0A6Y8	1BPR
P0A6Y8	1DG4
P0A6Y8	1DKG
P0A6Y8	1DKX
P0A6Y8	1DKY
P0A6Y8	1DKZ
P0A6Y8	1Q5L
P0A6Y8	2BPR
P0A6Y8	2KHO
P0A6Y8	3DPO
P0A6Y8	3DPP
P0A6Y8	3DPQ
P0A6Y8	3QNJ
P0A6Y8	4B9Q
P0A6Y8	4E81
P0A6Y8	4EZN
P0A6Y8	4EZO
P0A6Y8	4EZP
P0A6Y8	4EZQ
P0A6Y8	4EZR
P0A6Y8	4EZS
P0A6Y8	4EZT
P0A6Y8	4EZU
P0A6Y8	4EZV
P0A6Y8	4EZW
P0A6Y8	4EZX
P0A6Y8	4EZY
P0A6Y8	4EZZ
P0A6Y8	4F00
P0A6Y8	4F01
P0A6Y8	4HY9
P0A6Y8	4HYB
P0A6Y8	4JN4
P0A6Y8	4JNE
P0A6Y8	4JNF
P0A6Y8	4JWC
P0A6Y8	4JWD
P0A6Y8	4JWE
P0A6Y8	4JWI
P0A6Y8	4R5G
P0A6Y8	4R5I
P0A6Y8	4R5J
P0A6Y8	4R5K
P0A6Y8	4R5L
P32589	2QXL
P32589	3C7N
P32589	3D2E
P32589	3D2F
P19120	1ATR
P19120	1ATS
P19120	1BA0
P19120	1BA1
P19120	1BUP
P19120	1HPM
P19120	1HX1
P19120	1KAX
P19120	1KAY
P19120	1KAZ
P19120	1NGA
P19120	1NGB
P19120	1NGC
P19120	1NGD
P19120	1NGE
P19120	1NGF
P19120	1NGG
P19120	1NGH
P19120	1NGI
P19120	1NGJ
P19120	1Q2G
P19120	1QQM
P19120	1QQN
P19120	1QQO
P19120	1YUW
P19120	2BUP
P19120	2QW9
P19120	2QWL
P19120	2QWM
P19120	2QWN
P19120	2QWO
P19120	2QWP
P19120	2QWQ
P19120	2QWR
P19120	3C7N
P19120	3HSC
P19120	4FL9
P07206	2YOC
O33840	2J71
O33840	2J72
O33840	2J73
P05618	1D7F
P05618	1DED
P05618	1I75
P05618	1PAM
P05618	1UKQ
P05618	1UKS
P05618	1UKT
P05618	1V3J
P05618	1V3K
P05618	1V3L
P05618	1V3M
P36924	1B90
P36924	1B9Z
P36924	1CQY
P36924	1ITC
P36924	1J0Y
P36924	1J0Z
P36924	1J10
P36924	1J11
P36924	1J12
P36924	1J18
P36924	1VEM
P36924	1VEN
P36924	1VEO
P36924	1VEP
P36924	5BCA
P26827	1A47
P26827	1CIU
P26827	3BMV
P26827	3BMW
P69328	1AC0
P69328	1ACZ
P69328	1KUL
P69328	1KUM
P69328	3EQA
P22364	1AAC
P22364	1AAJ
P22364	1AAN
P22364	1BXA
P22364	1MDA
P22364	1MG2
P22364	1MG3
P22364	1SF3
P22364	1SF5
P22364	1SFD
P22364	1SFH
P22364	1T5K
P22364	2GB2
P22364	2GBA
P22364	2GC4
P22364	2GC7
P22364	2IDQ
P22364	2IDS
P22364	2IDT
P22364	2IDU
P22364	2J55
P22364	2J56
P22364	2J57
P22364	2MTA
P22364	2OV0
P22364	2QDV
P22364	2QDW
P22364	2RAC
P22364	3IE9
P22364	3IEA
P22364	3L45
P22364	3PLY
P22364	3RYM
P22364	4P5R
P22364	4P5S
P04377	1PAZ
P04377	1PY0
P04377	1PZA
P04377	1PZB
P04377	1PZC
P04377	2P80
P04377	3NYK
P04377	3PAZ
P04377	4PAZ
P04377	4RH4
P04377	5PAZ
P04377	6PAZ
P04377	7PAZ
P04377	8PAZ
P00282	1AG0
P00282	1AZN
P00282	1AZR
P00282	1AZU
P00282	1BEX
P00282	1CC3
P00282	1E5Y
P00282	1E5Z
P00282	1E65
P00282	1E67
P00282	1ETJ
P00282	1EZL
P00282	1GR7
P00282	1I53
P00282	1ILS
P00282	1ILU
P00282	1JVL
P00282	1JVO
P00282	1JZE
P00282	1JZF
P00282	1JZG
P00282	1JZH
P00282	1JZI
P00282	1JZJ
P00282	1NZR
P00282	1R1C
P00282	1VLX
P00282	1XB3
P00282	1XB6
P00282	1XB8
P00282	2AZU
P00282	2FNW
P00282	2FT6
P00282	2FT7
P00282	2FT8
P00282	2FTA
P00282	2GHZ
P00282	2GI0
P00282	2HX7
P00282	2HX8
P00282	2HX9
P00282	2HXA
P00282	2I7O
P00282	2I7S
P00282	2IDF
P00282	2IWE
P00282	2OJ1
P00282	2TSA
P00282	2TSB
P00282	2XV0
P00282	2XV2
P00282	2XV3
P00282	3AZU
P00282	3FPY
P00282	3FQ1
P00282	3FQ2
P00282	3FQY
P00282	3FS9
P00282	3FSA
P00282	3FSV
P00282	3FSW
P00282	3FSZ
P00282	3FT0
P00282	3IBO
P00282	3IN0
P00282	3IN2
P00282	3JT2
P00282	3JTB
P00282	3N2J
P00282	3NP3
P00282	3NP4
P00282	3OQR
P00282	3U25
P00282	3UGE
P00282	4AZU
P00282	4BWW
P00282	4HHG
P00282	4HHW
P00282	4HIP
P00282	4HZ1
P00282	4JKN
P00282	4K9J
P00282	4KO5
P00282	4KO6
P00282	4KO7
P00282	4KO9
P00282	4KOB
P00282	4KOC
P00282	4MFH
P00282	4QKT
P00282	4QLW
P00282	5AZU
P30086	1BD9
P30086	1BEH
P30086	2L7W
P30086	2QYQ
P12994	1FJJ
P12994	1VI3
P14306	1WPX
P61493	1WNR
P17313	1G31
P17313	2CGT
P0A6F9	1AON
P0A6F9	1EGS
P0A6F9	1GRU
P0A6F9	1PCQ
P0A6F9	1PF9
P0A6F9	1SVT
P0A6F9	1SX4
P0A6F9	2C7C
P0A6F9	2C7D
P0A6F9	3WVL
P0A6F9	3ZPZ
P0A6F9	3ZQ0
P0A6F9	3ZQ1
P00327	1A71
P00327	1A72
P00327	1ADB
P00327	1ADC
P00327	1ADF
P00327	1ADG
P00327	1AXE
P00327	1AXG
P00327	1BTO
P00327	1HET
P00327	1HEU
P00327	1HF3
P00327	1HLD
P00327	1JU9
P00327	1LDE
P00327	1LDY
P00327	1MG0
P00327	1MGO
P00327	1N8K
P00327	1N92
P00327	1P1R
P00327	1QLH
P00327	1QLJ
P00327	1QV6
P00327	1QV7
P00327	1YE3
P00327	2JHF
P00327	2JHG
P00327	2OHX
P00327	2OXI
P00327	3BTO
P00327	3OQ6
P00327	4DWV
P00327	4DXH
P00327	4NFH
P00327	4NFS
P00327	4NG5
P00327	4XD2
P00327	5ADH
P00327	6ADH
P00327	7ADH
P00327	8ADH
P26646	1O89
P26646	1O8C
P07327	1HSO
P07327	1U3T
O07615	1TT7
O07615	1Y9E
Q27084	1TL2
Q27084	3KIF
Q27084	3KIH
Q9X0V2	1VKD
Q93HT9	1WL7
Q09LX0	2EXH
Q09LX0	2EXI
Q09LX0	2EXJ
Q09LX0	2EXK
Q97DM1	1Y7B
Q97DM1	1YI7
Q8WVQ1	1S18
Q8WVQ1	1S1D
Q8WVQ1	2H2N
Q8WVQ1	2H2U
Q1LCS4	1YFU
Q1LCS4	1YFW
Q1LCS4	1YFX
Q1LCS4	1YFY
Q1LCS4	4HSJ
Q1LCS4	4HSL
Q1LCS4	4HVO
Q1LCS4	4HVQ
Q1LCS4	4HVR
Q1LCS4	4I3P
Q1LCS4	4L2N
P47096	1ZVF
Q87K41	2OYZ
Q9ZFV5	2PYT
P60334	2ATF
P60334	2Q4S
Q16878	2IC1
P19466	1WAP
P19466	3ZZQ
P19466	4B27
Q9X6J6	1C9S
Q9X6J6	1GTF
Q9X6J6	1GTN
Q9X6J6	1QAW
Q9X6J6	1UTD
Q9X6J6	2EXS
Q9X6J6	2EXT
Q9X6J6	2ZCZ
Q9X6J6	2ZD0
Q9X6J6	2ZP8
Q9X6J6	2ZP9
Q9X6J6	3AQD
Q9X6J6	3ZZS
Q9X6J6	4V4F
P39625	1VLI
Q57265	1XUU
Q57265	1XUZ
Q57265	2ZDR
Q57265	3CM4
Q57265	4IPI
Q57265	4IPJ
P35751	1UCS
Q8WTS6	1H3I
Q8WTS6	1MT6
Q8WTS6	1MUF
Q8WTS6	1N6A
Q8WTS6	1N6C
Q8WTS6	1O9S
Q8WTS6	1XQH
Q8WTS6	2F69
Q8WTS6	3CBM
Q8WTS6	3CBO
Q8WTS6	3CBP
Q8WTS6	3M53
Q8WTS6	3M54
Q8WTS6	3M55
Q8WTS6	3M56
Q8WTS6	3M57
Q8WTS6	3M58
Q8WTS6	3M59
Q8WTS6	3M5A
Q8WTS6	3OS5
Q8WTS6	3VUZ
Q8WTS6	3VV0
Q8WTS6	4E47
Q8WTS6	4J7F
Q8WTS6	4J7I
Q8WTS6	4J83
Q8WTS6	4J8O
Q8WTS6	4JDS
Q8WTS6	4JLG
O60016	1G6Z
O60016	1MVH
O60016	1MVX
P06148	1ITH
Q8WWM9	1UMO
Q8WWM9	1URV
Q8WWM9	1URY
Q8WWM9	1UT0
Q8WWM9	1UX9
Q8WWM9	1V5H
Q8WWM9	2DC3
Q8WWM9	3AG0
Q8WWM9	4B3W
P72508	1GH0
P72508	1HA7
P72508	2UUM
Q7SIF9	1EYX
P17413	1E7P
P17413	1QLB
P17413	2BS2
P17413	2BS3
P17413	2BS4
P07174	1NGR
P07174	1SG1
P07174	2MIC
P07174	2MJO
P07174	3BUK
P07174	3IJ2
P07174	4F42
P07174	4F44
P19438	1EXT
P19438	1FT4
P19438	1ICH
P19438	1NCF
P19438	1TNR
Q8K1S3	1WMG
P22812	1D2Z
Q9ULZ3	1UCP
Q9ULZ3	2KN6
Q9ULZ3	3J63
P55211	1JXQ
P55211	1NW9
P55211	2AR9
P55211	3D9T
P55211	3V3K
P55211	3YGS
P55211	4RHW
Q9Z297	1N3K
Q9Z297	4IZ7
P0A0A5	1LRZ
Q5SGX1	1EIY
Q5SGX1	1JJC
Q5SGX1	1PYS
Q5SGX1	3HFZ
Q69ZQ2	1X4T
Q02767	2CAZ
Q02767	2F66
Q02767	2F6M
Q02767	2G3K
Q02767	2J9U
Q02767	2J9V
Q02767	2P22
Q99176	2CAZ
Q99176	2F66
Q99176	2P22
Q99YR7	1Z0P
P63018	1CKR
P63018	1Q2G
P63018	1UD0
P63018	2V7Z
P63018	7HSC
P0C6U8	1P76
P0C6U8	1P9T
P0C6U8	1PA5
P0C6U8	1PUK
P0C6U8	1Q1X
P0C6U8	1Q2W
P0C6U8	1QZ8
P0C6U8	1UJ1
P0C6U8	1UK2
P0C6U8	1UK3
P0C6U8	1UK4
P0C6U8	1UW7
P0C6U8	1WOF
P0C6U8	1YSY
P0C6U8	1Z1I
P0C6U8	1Z1J
P0C6U8	2A5A
P0C6U8	2A5I
P0C6U8	2A5K
P0C6U8	2ACF
P0C6U8	2AHM
P0C6U8	2AJ5
P0C6U8	2ALV
P0C6U8	2AMD
P0C6U8	2AMQ
P0C6U8	2BX3
P0C6U8	2BX4
P0C6U8	2C3S
P0C6U8	2D2D
P0C6U8	2DUC
P0C6U8	2FAV
P0C6U8	2FE8
P0C6U8	2FYG
P0C6U8	2G9T
P0C6U8	2GA6
P0C6U8	2GDT
P0C6U8	2GRI
P0C6U8	2GT7
P0C6U8	2GT8
P0C6U8	2GTB
P0C6U8	2GX4
P0C6U8	2GZ7
P0C6U8	2GZ8
P0C6U8	2GZ9
P0C6U8	2H2Z
P0C6U8	2HOB
P0C6U8	2HSX
P0C6U8	2IDY
P0C6U8	2KAF
P0C6U8	2KQV
P0C6U8	2KQW
P0C6U8	2KYS
P0C6U8	2LIZ
P0C6U8	2OP9
P0C6U8	2PWX
P0C6U8	2W2G
P0C6U8	2WCT
P0C6U8	2Z3C
P0C6U8	2Z3D
P0C6U8	2Z3E
P0C6U8	2ZU4
P0C6U8	2ZU5
P0C6U8	3ATW
P0C6U8	3AVZ
P0C6U8	3AW0
P0C6U8	3AW1
P0C6U8	3E91
P0C6U8	3EA7
P0C6U8	3EA8
P0C6U8	3EA9
P0C6U8	3EAJ
P0C6U8	3EE7
P0C6U8	3F9E
P0C6U8	3F9F
P0C6U8	3F9G
P0C6U8	3F9H
P0C6U8	3FZD
P0C6U8	3IWM
P0C6U8	3M3S
P0C6U8	3M3T
P0C6U8	3M3V
P0C6U8	3MJ5
P0C6U8	3R24
P0C6U8	3SN8
P0C6U8	3SNA
P0C6U8	3SNB
P0C6U8	3SNC
P0C6U8	3SND
P0C6U8	3SNE
P0C6U8	3SZN
P0C6U8	3TIT
P0C6U8	3TIU
P0C6U8	3TNS
P0C6U8	3TNT
P0C6U8	3V3M
P0C6U8	3VB3
P0C6U8	3VB4
P0C6U8	3VB5
P0C6U8	3VB6
P0C6U8	3VB7
P0C6U8	4HI3
P0C6U8	4M0W
P0C6U8	4MDS
P0C6U8	4MM3
P0C6U8	4OVZ
P0C6U8	4OW0
Q08242	1R5E
Q08242	2QKW
P03422	1OKS
P03422	2K9D
P04859	1EZJ
P04859	1R4G
Q9HQM9	2GF4
P38507	1BDC
P38507	1BDD
P38507	1EDI
P38507	1EDJ
P38507	1EDK
P38507	1EDL
P38507	1FC2
P38507	1H0T
P38507	1LP1
P38507	1Q2N
P38507	1SS1
P38507	2JWD
P38507	2M5A
P38507	2SPZ
P38507	3MZW
P38507	4NPD
P38507	4NPE
P38507	4NPF
Q8NWQ6	4KJM
P07273	1ENW
P07273	1EO0
P07273	1PQV
P07273	1Y1V
P07273	1Y1Y
P07273	3GTM
P07273	3PO3
O14737	1YYB
O14737	2CRU
O14737	2K6B
P74881	1T3T
P74881	3UGJ
P74881	3UJN
P74881	3UMM
P74881	4L78
P74881	4LGY
P74881	4MGH
P74881	4R7G
P38540	1G72
P38540	2AD6
P38540	2AD7
P38540	2AD8
P38540	4AAH
P29898	1LRW
P14775	1H4I
P14775	1H4J
P14775	1W6S
O66683	1RP3
O66683	1SC5
P07598	1E08
P07598	1GX7
P07598	1HFE
Q7X0F0	1Y7Y
A9CIQ1	2PPX
Q56185	1ZZ6
Q56185	1ZZ7
Q56185	1ZZ8
Q56185	1ZZ9
Q56185	1ZZB
Q56185	1ZZC
Q56185	2BNM
Q56185	2BNN
Q56185	2BNO
Q56185	3SCF
Q56185	3SCG
Q56185	3SCH
Q56185	4J1W
Q56185	4J1X
P82599	1B7V
P82599	1C75
P82599	1K3G
P82599	1K3H
P82599	1N9C
P0A3Y0	1C6S
P83391	1LS9
P00094	1C2N
P00094	1C2R
P00094	1VYD
P00101	1CCH
P00101	1COR
P00101	1FI3
P00101	2I8F
Q01381	3LYN
P14774	2C8S
Q99633	2DK4
Q79FE1	2G38
Q79FE1	4KXR
Q88KV1	2ITB
Q82XT5	3K6C
P10688	1DJG
P10688	1DJH
P10688	1DJI
P10688	1DJW
P10688	1DJX
P10688	1DJY
P10688	1DJZ
P10688	1MAI
P10688	1QAS
P10688	1QAT
P10688	2ISD
Q00722	2FJU
Q00722	2ZKM
P34024	1AOD
P34024	2PLC
P09394	1T8Q
P09394	1YDY
P39594	1G4E
P39594	1G4P
P39594	1G4S
P39594	1G4T
P39594	1G67
P39594	1G69
P39594	1G6C
P39594	2TPS
P39594	3O15
P39594	3O16
Q8U192	1XI3
P37330	1D8C
P37330	1P7T
P37330	1Y8B
P37330	2JQX
A9CJW3	2FDR
P71447	1LVH
P71447	1O03
P71447	1O08
P71447	1Z4N
P71447	1Z4O
P71447	1ZOL
P71447	2WF5
P71447	2WF6
P71447	2WF7
P71447	2WF8
P71447	2WF9
P71447	2WFA
P71447	2WHE
P71447	3FM9
P71447	3ZI4
P71447	4C4R
P71447	4C4S
P71447	4C4T
Q9D967	1U7O
Q9D967	1U7P
P63228	2GMW
P63228	3ESQ
P63228	3ESR
P63228	3L1U
P63228	3L1V
P63228	3L8E
P63228	3L8F
P63228	3L8G
Q9HIW7	1U02
O28835	1Y8A
P22868	1JQ4
P22868	1TVC
P56968	1EP1
P56968	1EP2
P56968	1EP3
P60472	1JP3
P60472	1UEH
P60472	1V7U
P60472	1X06
P60472	1X07
P60472	1X08
P60472	1X09
P60472	2E98
P60472	2E99
P60472	2E9A
P60472	2E9C
P60472	2E9D
P60472	3QAS
P60472	3SGV
P60472	3SGX
P60472	3SH0
P60472	3TH8
P60472	3WYJ
P60472	4H2J
P60472	4H2M
P60472	4H2O
P60472	4H38
P60472	4H3A
P60472	4H3C
O82827	1F75
P38516	1DMG
Q9Y3E5	1Q7S
A9CKI6	2GAX
Q9HLW6	1RLK
P07824	1D3V
P07824	1HQ5
P07824	1HQF
P07824	1HQG
P07824	1HQH
P07824	1HQX
P07824	1P8M
P07824	1P8N
P07824	1P8O
P07824	1P8P
P07824	1P8Q
P07824	1P8R
P07824	1P8S
P07824	1R1O
P07824	1RLA
P07824	1T4P
P07824	1T4R
P07824	1T4S
P07824	1T4T
P07824	1T5F
P07824	1T5G
P07824	1TA1
P07824	1TBH
P07824	1TBJ
P07824	1TBL
P07824	1ZPE
P07824	1ZPG
P07824	2RLA
P07824	3E8Q
P07824	3E8Z
P07824	3E9B
P07824	3RLA
P07824	4RLA
P07824	5RLA
O67135	1C3P
O67135	1C3R
O67135	1C3S
P26222	1TML
P26222	2BOD
P26222	2BOE
P26222	2BOF
P26222	2BOG
P26222	3RPT
P07987	1CB2
P07987	1HGW
P07987	1HGY
P07987	1QJW
P07987	1QK0
P07987	1QK2
P07987	3CBH
P07987	4AU0
P07987	4AX6
P07987	4AX7
P07987	4I5R
P07987	4I5U
Q8RR56	1GT9
Q8RR56	1GTG
Q8RR56	1GTJ
Q8RR56	1GTL
Q8RR56	1T1E
Q8RR56	1T1G
Q8RR56	1T1I
P83772	1J2T
P83772	1J2U
P83772	1Q3K
P83772	1V7Z
P83772	3A6D
P83772	3A6E
P83772	3A6F
P83772	3A6G
P83772	3A6H
P83772	3A6J
P83772	3A6K
P83772	3A6L
P64618	2CX6
P61711	1DI0
P61711	1T13
P61711	1XN1
O66529	1HQK
O66529	1NQU
O66529	1NQV
O66529	1NQW
O66529	1NQX
P0AA25	1F6M
P0AA25	1KEB
P0AA25	1M7T
P0AA25	1OAZ
P0AA25	1SKR
P0AA25	1SKS
P0AA25	1SKW
P0AA25	1SL0
P0AA25	1SL1
P0AA25	1SL2
P0AA25	1SRX
P0AA25	1T7P
P0AA25	1T8E
P0AA25	1THO
P0AA25	1TK0
P0AA25	1TK5
P0AA25	1TK8
P0AA25	1TKD
P0AA25	1TXX
P0AA25	1X9M
P0AA25	1X9S
P0AA25	1X9W
P0AA25	1XOA
P0AA25	1XOB
P0AA25	1ZCP
P0AA25	1ZYQ
P0AA25	1ZZY
P0AA25	2AJQ
P0AA25	2BTO
P0AA25	2EIO
P0AA25	2EIQ
P0AA25	2EIR
P0AA25	2FCH
P0AA25	2FD3
P0AA25	2H6X
P0AA25	2H6Y
P0AA25	2H6Z
P0AA25	2H70
P0AA25	2H71
P0AA25	2H72
P0AA25	2H73
P0AA25	2H74
P0AA25	2H75
P0AA25	2H76
P0AA25	2O8V
P0AA25	2TIR
P0AA25	2TRX
P0AA25	3DYR
P0AA25	4HU7
P0AA25	4HU9
P0AA25	4HUA
P80028	1EP7
P80028	1EP8
P80028	1TOF
P20857	1THX
P46849	1QMH
P46849	1QMI
P46849	3KGD
P46849	3TUT
P46849	3TUX
P46849	3TV1
P46849	3TW3
Q9CQM5	1V9W
Q9BRA2	1WOU
P0AB52	1JX7
P45530	2D1P
P0A6M4	1JKE
P84066	1TC5
Q12888	1GZH
Q12888	1KZY
Q12888	1XNI
Q12888	2G3R
Q12888	2IG0
Q12888	2LVM
Q12888	2MWO
Q12888	2MWP
Q12888	3LGF
Q12888	3LGL
Q12888	3LH0
Q12888	4CRI
Q12888	4RG2
Q12888	4X34
P38398	1JM7
P38398	1JNX
P38398	1N5O
P38398	1OQA
P38398	1T15
P38398	1T29
P38398	1T2U
P38398	1T2V
P38398	1Y98
P38398	2ING
P38398	3COJ
P38398	3K0H
P38398	3K0K
P38398	3K15
P38398	3K16
P38398	3PXA
P38398	3PXB
P38398	3PXC
P38398	3PXD
P38398	3PXE
P38398	4IFI
P38398	4IGK
P38398	4JLU
P38398	4OFB
P28632	1EM8
P28632	3GLI
P28632	3SXU
P18887	1CDZ
P18887	1XNA
P18887	1XNT
P18887	2D8M
P18887	2W3O
P18887	3K75
P18887	3K77
P18887	3LQC
Q92547	1WF6
Q92547	2XNH
Q92547	2XNK
Q92547	3AL2
Q92547	3AL3
Q92547	3JVE
Q92547	3OLC
Q92547	3PD7
Q92547	3UEN
Q92547	3UEO
P0A836	1CQI
P0A836	1CQJ
P0A836	1JKJ
P0A836	1JLL
P0A836	1SCU
P0A836	2NU6
P0A836	2NU7
P0A836	2NU8
P0A836	2NU9
P0A836	2NUA
P0A836	2SCU
P16099	1DJN
P16099	1DJQ
P16099	1O94
P16099	1O95
P16099	2TMD
